DATE,OPEN,HIGH,LOW,CLOSE
01-02-2018,10.95,11.07,9.52,9.77
01-03-2018,9.56,9.65,8.94,9.15
01-04-2018,9.01,9.31,8.92,9.22
01-05-2018,9.1,9.54,9,9.22
01-08-2018,9.61,9.89,9.32,9.52
01-09-2018,9.41,10.09,9.37,10.08
01-10-2018,10.11,10.85,9.82,9.82
01-11-2018,9.69,10.02,9.62,9.88
01-12-2018,9.74,10.31,9.54,10.16
01/16/2018,10.42,12.41,10.4,11.66
01/17/2018,11.35,12.8,11.18,11.91
01/18/2018,12.01,12.4,11.62,12.22
01/19/2018,12.3,12.33,11.17,11.27
01/22/2018,11.59,11.62,10.84,11.03
01/23/2018,10.77,11.57,10.76,11.1
01/24/2018,11,12.19,10.89,11.47
01/25/2018,11.27,12.01,11.2,11.58
01/26/2018,11.4,11.6,11.08,11.08
01/29/2018,11.71,13.84,11.68,13.84
01/30/2018,13.93,15.42,13.88,14.79
01/31/2018,14.23,14.44,13.41,13.54
02-01-2018,13.05,14.3,12.5,13.47
02-02-2018,13.64,17.86,13.64,17.31
02-05-2018,18.44,38.8,16.8,37.32
02-06-2018,37.32,50.3,22.42,29.98
02-07-2018,31.38,31.64,21.17,27.73
02-08-2018,27.29,36.17,24.41,33.46
02-09-2018,32.18,41.06,27.73,29.06
02-12-2018,27.25,29.7,24.42,25.61
02/13/2018,26.94,27.82,24.47,24.97
02/14/2018,23.48,25.72,18.99,19.26
02/15/2018,18.39,20.66,17.6,19.13
02/16/2018,18.74,20.99,17.44,19.46
02/20/2018,20.53,21.61,19.75,20.6
02/21/2018,20.76,21.04,16.97,20.02
02/22/2018,20.57,20.61,18.07,18.72
02/23/2018,17.96,18.8,16.47,16.49
02/26/2018,16.53,16.94,15.8,15.8
02/27/2018,15.83,18.98,15.29,18.59
02/28/2018,18.08,20.44,15.65,19.85
03-01-2018,19.96,25.3,19.57,22.47
03-02-2018,22.47,26.22,19.36,19.59
03-05-2018,21.55,21.57,17.94,18.73
03-06-2018,18.25,19.64,17.68,18.36
03-07-2018,20.11,20.49,17.52,17.76
03-08-2018,17.56,17.68,14.91,16.54
03-09-2018,16.41,16.75,13.31,14.64
03-12-2018,15.28,16.35,15.18,15.78
03/13/2018,15.7,16.98,15.03,16.35
03/14/2018,16.59,17.59,14.94,17.23
03/15/2018,16.99,17.41,15.96,16.59
03/16/2018,16.6,16.72,15.23,15.8
03/19/2018,16.63,21.87,16.56,19.02
03/20/2018,18.38,19.31,18.09,18.2
03/21/2018,17.76,18.37,16.26,17.86
03/22/2018,18.13,23.81,18.12,23.34
03/23/2018,24.02,26.01,21.63,24.87
03/26/2018,23.41,24.54,20.71,21.03
03/27/2018,20.33,24.06,19.84,22.5
03/28/2018,22.52,24.94,21.71,22.87
03/29/2018,22.87,23.05,19.6,19.97
04-02-2018,21.07,25.72,20.44,23.62
04-03-2018,23.03,23.38,20.92,21.1
04-04-2018,21.68,24.51,19.86,20.06
04-05-2018,19.76,20.21,18.57,18.94
04-06-2018,20.33,23.12,18.6,21.49
04-09-2018,21.27,22.02,20.34,21.77
04-10-2018,20.51,21.68,20.24,20.47
04-11-2018,20.95,21.66,19.64,20.24
04-12-2018,19.83,19.92,18.16,18.49
04/13/2018,18.27,18.45,17.26,17.41
04/16/2018,17.59,17.66,16.38,16.56
04/17/2018,16.16,16.27,14.57,15.25
04/18/2018,15.3,16.9,14.95,15.6
04/19/2018,15.55,16.92,15.16,15.96
04/20/2018,16.16,17.5,15.19,16.88
04/23/2018,17.29,17.56,15.79,16.34
04/24/2018,16.16,19.66,15.37,18.02
04/25/2018,18.14,19.84,17.75,17.84
04/26/2018,18.07,18.12,16.24,16.24
04/27/2018,16.22,16.77,15.25,15.41
04/30/2018,15.39,16.35,15.13,15.93
05-01-2018,15.78,16.82,15.42,15.49
05-02-2018,15.48,15.97,14.75,15.97
05-03-2018,15.78,18.66,15.43,15.9
05-04-2018,15.94,16.92,10.91,14.77
05-07-2018,15.32,15.52,14.51,14.75
05-08-2018,14.53,15.56,14.52,14.71
05-09-2018,14.54,14.63,13.38,13.42
05-10-2018,13.36,13.63,12.92,13.23
05-11-2018,13.22,13.44,12.65,12.65
05/14/2018,12.95,13.28,12.81,12.93
05/15/2018,13.13,15.01,12.5,14.63
05/16/2018,14.38,14.91,13.21,13.42
05/17/2018,13.54,13.86,12.65,13.43
05/18/2018,13.18,13.87,13.06,13.42
05/21/2018,13.44,13.59,12.78,13.08
05/22/2018,13.03,13.42,12.77,13.22
05/23/2018,13.5,14.6,12.49,12.58
05/24/2018,12.73,14.24,12.53,12.53
05/25/2018,12.44,13.52,12.29,13.22
05/29/2018,14.39,18.78,14.39,17.02
05/30/2018,16.6,16.64,14.65,14.94
05/31/2018,14.93,16.29,14.2,15.43
06-01-2018,14.92,14.93,13.37,13.46
06-04-2018,13.91,13.91,12.69,12.74
06-05-2018,12.91,13.34,12.3,12.4
06-06-2018,12.1,12.56,11.62,11.64
06-07-2018,11.66,13.28,11.22,12.13
06-08-2018,12.54,13.31,12.09,12.18
06-11-2018,12.52,12.69,12.14,12.35
06-12-2018,12.29,12.6,11.88,12.34
06/13/2018,12.13,12.95,11.98,12.94
06/14/2018,12.98,13.07,11.88,12.12
06/15/2018,12.19,13.16,11.93,11.98
06/18/2018,12.79,13.74,12.28,12.31
06/19/2018,14.61,14.68,13.21,13.35
06/20/2018,12.9,13.02,12.25,12.79
06/21/2018,12.54,15.18,12.18,14.64
06/22/2018,14.6,14.6,13.11,13.77
06/25/2018,15.07,19.61,14.56,17.33
06/26/2018,16.71,17.54,15.1,15.92
06/27/2018,16.52,18.19,14.76,17.91
06/28/2018,17.54,18.99,16.4,16.85
06/29/2018,15.73,16.51,14.66,16.09
07-02-2018,17.7,18.08,15.54,15.6
07-03-2018,15.37,16.45,14.68,16.14
07-05-2018,15.62,16.22,14.47,14.97
07-06-2018,14.99,15.45,13.34,13.37
07-09-2018,13.42,13.45,12.6,12.69
07-10-2018,12.52,13.21,11.93,12.64
07-11-2018,14.05,14.15,13.09,13.63
07-12-2018,13.07,13.33,12.42,12.58
07/13/2018,12.39,12.97,11.62,12.18
07/16/2018,12.46,12.97,12.13,12.83
07/17/2018,12.91,13.18,11.85,12.06
07/18/2018,11.87,12.47,11.44,12.1
07/19/2018,12.2,13.09,11.79,12.87
07/20/2018,13,13.58,12.49,12.86
07/23/2018,13.47,13.55,12.58,12.62
07/24/2018,12.61,13.21,11.66,12.41
07/25/2018,12.37,12.82,11.8,12.29
07/26/2018,12.45,12.53,11.78,12.14
07/27/2018,12.17,14.26,11.6,13.03
07/30/2018,13.63,14.46,12.98,14.26
07/31/2018,13.98,14.12,12.81,12.83
08-01-2018,13.09,13.63,12.45,13.15
08-02-2018,13.57,14.53,12.17,12.19
08-03-2018,12.43,12.46,11.07,11.64
08-06-2018,11.91,12.15,11.17,11.27
08-07-2018,11.12,11.24,10.52,10.93
08-08-2018,10.93,11.18,10.52,10.85
08-09-2018,10.94,11.31,10.17,11.27
08-10-2018,11.82,13.82,11.59,13.16
08/13/2018,14.5,15.02,12.95,14.78
08/14/2018,13.93,14.22,13.11,13.31
08/15/2018,13.52,16.86,13.44,14.64
08/16/2018,14.18,14.36,12.82,13.45
08/17/2018,13.18,13.96,12.4,12.64
08/20/2018,12.57,12.79,12.26,12.49
08/21/2018,12.47,12.89,12.09,12.86
08/22/2018,13.09,13.29,11.97,12.25
08/23/2018,12.03,12.68,11.65,12.41
08/24/2018,12.13,12.17,11.83,11.99
08/27/2018,12.37,12.48,12.02,12.16
08/28/2018,12.01,12.5,11.87,12.5
08/29/2018,12.34,12.55,12.09,12.25
08/30/2018,12.25,13.95,12.24,13.53
08/31/2018,13.54,14.03,12.82,12.86
09-04-2018,13.13,14.35,13.12,13.16
09-05-2018,13.69,14.3,13.23,13.91
09-06-2018,14.21,15.41,13.72,14.65
09-07-2018,14.72,15.63,14.31,14.88
09-10-2018,15.09,15.2,13.93,14.16
09-11-2018,13.96,14.92,13.21,13.22
09-12-2018,13.07,13.86,12.91,13.14
09/13/2018,12.91,12.91,12.3,12.37
09/14/2018,12.13,13.15,11.93,12.07
09/17/2018,12.72,13.75,12.32,13.68
09/18/2018,13.48,13.48,12.56,12.79
09/19/2018,12.61,12.77,11.66,11.75
09/20/2018,11.82,11.96,11.31,11.8
09/21/2018,11.76,12.03,11.1,11.68
09/24/2018,12.46,12.92,12.18,12.2
09/25/2018,12.28,12.6,11.8,12.42
09/26/2018,12.21,13.13,11.55,12.89
09/27/2018,12.77,13,11.94,12.41
09/28/2018,12.59,13.22,12.09,12.12
10-01-2018,11.99,12.4,11.57,12
10-02-2018,12.47,12.69,11.61,12.05
10-03-2018,11.66,12.14,11.34,11.61
10-04-2018,12.84,15.84,12.42,14.22
10-05-2018,14.29,17.36,11.72,14.82
10-08-2018,16.05,18.38,15.69,15.69
10-09-2018,16.12,17.49,15.27,15.95
10-10-2018,16.03,22.96,15.83,22.96
10-11-2018,23.07,28.84,20.65,24.98
10-12-2018,21.63,26.8,20.88,21.31
10/15/2018,21.97,22.89,19.47,21.3
10/16/2018,20.28,20.56,17.55,17.62
10/17/2018,17.06,19.55,17.06,17.4
10/18/2018,18.02,21.57,17.51,20.06
10/19/2018,19.24,21.08,18.39,19.89
10/22/2018,19.38,20.89,18.82,19.64
10/23/2018,22.18,24.66,20.18,20.71
10/24/2018,21.6,26.38,20.4,25.23
10/25/2018,24.78,24.78,22.06,24.22
10/26/2018,24.51,27.52,23.33,24.16
10/29/2018,24.48,27.86,22.01,24.7
10/30/2018,23.94,25.55,23.11,23.35
10/31/2018,22.72,22.8,20.39,21.23
11-01-2018,20.96,21.21,19.03,19.34
11-02-2018,18.52,21.61,18.05,19.51
11-05-2018,20.58,20.87,19.64,19.96
11-06-2018,19.84,20.6,19.69,19.91
11-07-2018,18.03,18.05,16.33,16.36
11-08-2018,16.18,17.2,16.09,16.72
11-09-2018,16.87,18.41,16.84,17.36
11-12-2018,17.26,20.71,17.25,20.45
11/13/2018,19.45,21.25,19.11,20.02
11/14/2018,20.52,22.36,19.3,21.25
11/15/2018,20.41,22.97,19.94,19.98
11/16/2018,20.04,21.36,18.1,18.14
11/19/2018,18.78,20.99,18.52,20.1
11/20/2018,20.76,23.81,20.37,22.48
11/21/2018,21.66,22.31,20.11,20.8
11/23/2018,21.23,22.65,20.65,21.52
11/26/2018,20.78,20.8,18.67,18.9
11/27/2018,19.57,19.78,18.7,19.02
11/28/2018,18.73,19.38,18.18,18.49
11/29/2018,19.22,20.48,18.62,18.79
11/30/2018,19.38,19.38,18.03,18.07
12-03-2018,16.04,17.28,15.94,16.44
12-04-2018,16.65,21.94,16.26,20.74
12-06-2018,24.66,25.94,20.94,21.19
12-07-2018,21.15,24.71,19.9,23.23
12-10-2018,23.62,25.94,22.5,22.64
12-11-2018,21.61,23.6,21.39,21.76
12-12-2018,21,21.62,20.5,21.46
12/13/2018,20.84,21.38,20.34,20.65
12/14/2018,21.47,22.47,20.95,21.63
12/17/2018,23.22,25.88,22.43,24.52
12/18/2018,24.28,26.14,23.69,25.58
12/19/2018,25.97,26.64,22.5,25.58
12/20/2018,26.03,30.3,25.35,28.38
12/21/2018,28.66,31.35,25.71,30.11
12/24/2018,31.21,36.1,31.02,36.07
12/26/2018,34.45,36.2,29.59,30.41
12/27/2018,32.24,33.8,29.66,29.96
12/28/2018,29.64,31.05,27.43,28.34
12/31/2018,27.19,27.29,25.33,25.42
01-02-2019,27.67,27.72,23.05,23.22
01-03-2019,24.67,26.57,24.05,25.45
01-04-2019,23.72,24.08,21.19,21.38
01-07-2019,22.11,22.27,20.91,21.4
01-08-2019,20.66,22.03,20.09,20.47
01-09-2019,20.13,22.8,19.48,19.98
01-10-2019,20.8,21.32,19.29,19.5
01-11-2019,20.02,20.16,18.12,18.19
01/14/2019,19.96,19.99,18.7,19.07
01/15/2019,19.03,19.05,17.98,18.6
01/16/2019,18.84,19.04,18.19,19.04
01/17/2019,19.29,19.36,17.85,18.06
01/18/2019,17.4,18.18,17.17,17.8
01/22/2019,18.65,21.15,18.43,20.8
01/23/2019,19.94,22.02,19.47,19.52
01/24/2019,19.98,20.25,18.63,18.89
01/25/2019,18,18.16,17.31,17.42
01/28/2019,19.38,20.42,18.87,18.87
01/29/2019,18.81,19.93,18.71,19.13
01/30/2019,18.9,19.31,17.54,17.66
01/31/2019,17.54,17.72,16.54,16.57
02-01-2019,16.37,16.73,16.08,16.14
02-04-2019,16.64,16.69,15.6,15.73
02-05-2019,15.77,15.94,15.04,15.57
02-06-2019,15.44,15.87,15.09,15.38
02-07-2019,15.66,17.89,15.51,16.37
02-08-2019,16.81,17.63,15.62,15.72
02-11-2019,16.17,16.5,15.34,15.97
02-12-2019,15.23,15.65,14.95,15.43
02/13/2019,15.46,15.91,15,15.65
02/14/2019,15.61,17.27,15.3,16.22
02/15/2019,16.82,16.82,14.79,14.91
02/19/2019,15.65,16.16,14.64,14.88
02/20/2019,14.92,15.19,13.99,14.02
02/21/2019,14,15.17,13.85,14.46
02/22/2019,14.46,14.47,13.51,13.51
02/25/2019,13.91,14.9,13.44,14.85
02/26/2019,15.16,15.28,14.52,15.17
02/27/2019,15.53,16.17,14.7,14.7
02/28/2019,15.17,15.24,14.39,14.7
03-01-2019,14.57,14.84,13.41,13.57
03-04-2019,14.57,16.98,13.38,14.63
03-05-2019,14.52,15.39,14.26,14.74
03-06-2019,14.91,16.11,14.74,15.74
03-07-2019,16.33,17.81,15.54,16.59
03-08-2019,17.38,18.33,16.02,16.05
03-11-2019,16.28,16.43,14.33,14.33
03-12-2019,13.97,14.7,13.61,13.77
03/13/2019,14,14.05,13.25,13.41
03/14/2019,13.35,13.84,13.16,13.5
03/15/2019,13.21,13.28,12.5,12.88
03/18/2019,13.13,13.8,13,13.1
03/19/2019,12.89,13.77,12.37,13.56
03/20/2019,13.54,14.3,13.05,13.91
03/21/2019,14.11,14.56,13.26,13.63
03/22/2019,13.77,17.52,13.62,16.48
03/25/2019,17.76,17.85,16.26,16.33
03/26/2019,16.22,16.3,14.67,14.68
03/27/2019,14.52,16.71,14.51,15.15
03/28/2019,15.38,15.62,14.41,14.43
03/29/2019,14.19,14.43,13.64,13.71
04-01-2019,13.9,14.01,13.32,13.4
04-02-2019,13.62,13.68,13.13,13.36
04-03-2019,13.06,14.27,12.85,13.74
04-04-2019,13.84,14.03,13.4,13.58
04-05-2019,13.46,13.47,12.17,12.82
04-08-2019,13.55,13.77,13.1,13.18
04-09-2019,13.46,14.39,13.31,14.28
04-10-2019,14.09,14.29,13.27,13.3
04-11-2019,13.37,13.58,12.91,13.02
04-12-2019,12.96,12.96,11.95,12.01
04/15/2019,12.46,13.14,12.24,12.32
04/16/2019,12.26,12.47,11.85,12.18
04/17/2019,12.12,13.02,11.03,12.6
04/18/2019,12.8,13.12,12.02,12.09
04/22/2019,13.21,13.36,12.38,12.42
04/23/2019,12.66,12.69,12.08,12.28
04/24/2019,12.53,13.23,12.26,13.14
04/25/2019,13.29,14.3,12.81,13.25
04/26/2019,13.44,13.62,12.49,12.73
04/29/2019,13.04,13.27,12.65,13.11
04/30/2019,13.11,14.05,12.88,13.12
05-01-2019,12.86,14.83,12.74,14.8
05-02-2019,14.35,15.92,13.8,14.42
05-03-2019,14.11,14.15,12.8,12.87
05-06-2019,12.89,18.8,12.89,15.44
05-07-2019,15.9,21.84,15.8,19.32
05-08-2019,18.95,21.74,18.29,19.4
05-09-2019,21.4,23.38,18.87,19.1
05-10-2019,18.79,20.19,15.57,16.04
05/13/2019,18.62,21.32,18.35,20.55
05/14/2019,19.4,19.65,17.45,18.06
05/15/2019,17.57,19.15,16.41,16.44
05/16/2019,16.69,17.13,15.16,15.29
05/17/2019,15.89,16.81,14.86,15.96
05/20/2019,15.88,17.63,15.46,16.31
05/21/2019,15.86,16.22,14.79,14.95
05/22/2019,15.06,15.44,14.42,14.75
05/23/2019,15.93,18.05,15.28,16.92
05/24/2019,16.34,16.52,15.52,15.85
05/28/2019,16.55,17.7,15.9,17.5
05/29/2019,18.55,19.04,17.62,17.9
05/30/2019,17.47,18.11,16.72,17.3
05/31/2019,19.05,19.72,18.01,18.71
06-03-2019,19.41,19.75,18.16,18.86
06-04-2019,18.74,18.74,16.97,16.97
06-05-2019,17.06,17.49,16.04,16.09
06-06-2019,16.25,16.54,15.36,15.93
06-07-2019,15.65,16.44,15.33,16.3
06-10-2019,16.3,16.47,15.84,15.94
06-11-2019,15.84,16.7,15.5,15.99
06-12-2019,16.26,16.43,15.78,15.91
06/13/2019,16.16,16.21,15.61,15.82
06/14/2019,16,16.4,15.21,15.28
06/17/2019,15.65,15.76,15.24,15.35
06/18/2019,14.89,15.54,14.62,15.15
06/19/2019,15.05,15.71,14.15,14.33
06/20/2019,14.04,16.03,13.19,14.75
06/21/2019,14.74,15.48,14.42,15.4
06/24/2019,15.46,15.56,15.23,15.26
06/25/2019,15.43,16.68,15.1,16.28
06/26/2019,16.1,16.6,15.47,16.21
06/27/2019,15.66,16.4,15.66,15.82
06/28/2019,15.7,16.13,15.08,15.08
07-01-2019,13.85,14.64,13.8,14.06
07-02-2019,14.16,14.3,12.9,12.93
07-03-2019,13.18,13.19,12.56,12.57
07-05-2019,13,14.47,12.04,13.28
07-08-2019,13.73,14.44,13.64,13.96
07-09-2019,14.47,14.71,13.99,14.09
07-10-2019,14.38,14.69,12.98,13.03
07-11-2019,13.01,13.33,12.39,12.93
07-12-2019,12.76,12.82,12.28,12.39
07/15/2019,12.58,13.02,12.49,12.68
07/16/2019,12.61,13.14,12.28,12.86
07/17/2019,12.62,13.97,12.24,13.97
07/18/2019,14.45,14.5,13.19,13.53
07/19/2019,13.31,14.45,13.09,14.45
07/22/2019,14.55,14.7,13.42,13.53
07/23/2019,13.42,13.52,12.55,12.61
07/24/2019,12.8,13.1,11.98,12.07
07/25/2019,12.24,13.54,11.69,12.74
07/26/2019,12.58,12.72,12.01,12.16
07/29/2019,12.15,13.17,12.15,12.83
07/30/2019,12.87,14.18,12.87,13.94
07/31/2019,13.83,16.55,13.46,16.12
08-01-2019,15.41,19.46,13.73,17.87
08-02-2019,17.69,20.11,17.04,17.61
08-05-2019,19.96,24.81,19.91,24.59
08-06-2019,22.29,22.87,19.77,20.17
08-07-2019,20.7,23.67,18.94,19.49
08-08-2019,19.36,19.89,16.82,16.91
08-09-2019,18.14,19.44,17.31,17.97
08-12-2019,17.87,21.26,17.77,21.09
08/13/2019,21.28,21.64,17.52,17.52
08/14/2019,17.81,22.71,17.75,22.1
08/15/2019,21.58,24.1,20.78,21.18
08/16/2019,20.48,20.5,18.41,18.47
08/19/2019,17.93,18.22,16.52,16.88
08/20/2019,16.78,17.7,16.45,17.5
08/21/2019,17.01,17.04,15.51,15.8
08/22/2019,16.12,17.68,15.63,16.68
08/23/2019,16.15,21.07,16.04,19.87
08/26/2019,20.34,21.33,19.06,19.32
08/27/2019,20.18,21.04,18.49,20.31
08/28/2019,20.55,21.64,19.1,19.35
08/29/2019,19.02,19.2,17.6,17.88
08/30/2019,17.94,19.18,17.09,18.98
09-03-2019,20.96,21.15,19.41,19.66
09-04-2019,18.23,18.83,17.26,17.33
09-05-2019,16.92,17.05,15.45,16.27
09-06-2019,15.92,16.06,14.91,15
09-09-2019,15.26,16.13,14.95,15.27
09-10-2019,15.53,16.52,15.11,15.2
09-11-2019,15.33,15.52,14.55,14.61
09-12-2019,14.69,14.94,13.85,14.22
09/13/2019,14.16,14.31,13.51,13.74
09/16/2019,14.89,15.29,14.5,14.67
09/17/2019,14.92,15.03,14.4,14.44
09/18/2019,14.61,15.8,13.8,13.95
09/19/2019,14.66,14.66,13.31,14.05
09/20/2019,13.94,15.84,13.35,15.32
09/23/2019,15.35,16,14.71,14.91
09/24/2019,14.77,17.62,14.33,17.05
09/25/2019,17.05,18.45,15.69,15.96
09/26/2019,16.23,17.09,15.35,16.07
09/27/2019,15.77,18.69,15.15,17.22
09/30/2019,17.23,17.35,16.2,16.24
10-01-2019,16.02,18.62,15.79,18.56
10-02-2019,18.75,21.46,18.75,20.56
10-03-2019,20.11,21.44,19.03,19.12
10-04-2019,19.42,19.97,16.97,17.04
10-07-2019,18.27,18.52,16.44,17.86
10-08-2019,17.61,20.38,17.42,20.28
10-09-2019,19.94,20,17.77,18.64
10-10-2019,19.28,19.8,17.56,17.57
10-11-2019,17.35,17.44,15.11,15.58
10/14/2019,15.66,16.5,14.51,14.57
10/15/2019,13.94,14.43,13.39,13.54
10/16/2019,13.94,14.26,13.6,13.68
10/17/2019,13.79,14.18,13.31,13.79
10/18/2019,14.2,15.16,13.78,14.25
10/21/2019,14.24,14.63,14,14
10/22/2019,13.99,14.61,13.7,14.46
10/23/2019,14.83,15.12,14.01,14.01
10/24/2019,13.98,14.34,13.4,13.71
10/25/2019,13.53,13.79,12.62,12.65
10/28/2019,13.01,13.14,12.66,13.11
10/29/2019,13.16,13.52,13.07,13.2
10/30/2019,13.23,13.77,12.27,12.33
10/31/2019,12.21,13.95,12.19,13.22
11-01-2019,12.99,13.12,12.25,12.3
11-04-2019,12.68,13.13,12.44,12.83
11-05-2019,12.85,13.28,12.25,13.1
11-06-2019,13.18,13.39,12.6,12.62
11-07-2019,12.59,12.89,12.26,12.73
11-08-2019,12.98,13.05,12,12.07
11-11-2019,13.15,13.49,12.66,12.69
11-12-2019,12.64,13.1,12.36,12.68
11/13/2019,12.91,13.9,12.88,13
11/14/2019,13.16,13.81,12.93,13.05
11/15/2019,12.95,12.97,11.92,12.05
11/18/2019,12.39,13.1,12.32,12.46
11/19/2019,12.33,13.01,12.16,12.86
11/20/2019,13.42,14.17,12.61,12.78
11/21/2019,13.35,13.86,12.49,13.13
11/22/2019,12.82,13.25,12.33,12.34
11/25/2019,12.51,12.59,11.73,11.87
11/26/2019,11.88,12.04,11.42,11.54
11/27/2019,11.55,11.79,11.44,11.75
11/29/2019,12.5,12.83,12.12,12.62
12-02-2019,12.69,15.27,12.55,14.91
12-03-2019,14.68,17.99,14.61,15.96
12-04-2019,16.38,16.4,14.12,14.8
12-05-2019,14.46,15.37,14.17,14.52
12-06-2019,14.37,14.47,13.19,13.62
12-09-2019,14.25,16.07,12.25,15.86
12-10-2019,15.8,16.9,14.93,15.68
12-11-2019,15.57,15.97,14.98,14.99
12-12-2019,14.94,15.55,13.6,13.94
12/13/2019,13.18,14.35,12.54,12.63
12/16/2019,12.47,12.53,11.71,12.14
12/17/2019,12.23,12.47,11.9,12.29
12/18/2019,12.24,12.7,11.93,12.58
12/19/2019,12.55,12.78,12.43,12.5
12/20/2019,12.55,12.61,12.04,12.51
12/23/2019,12.81,12.9,12.41,12.61
12/24/2019,12.65,12.84,12.56,12.67
12/26/2019,12.74,12.75,11.72,12.65
12/27/2019,12.61,13.72,11.89,13.43
12/30/2019,13.74,15.14,13.44,14.82
12/31/2019,14.84,15.39,13.75,13.78
01-02-2020,13.46,13.72,12.42,12.47
01-03-2020,15.01,16.2,13.13,14.02
01-06-2020,15.45,16.39,13.54,13.85
01-07-2020,13.84,14.46,13.39,13.79
01-08-2020,15.16,15.24,12.83,13.45
01-09-2020,12.95,13.24,12.53,12.54
01-10-2020,12.42,12.87,12.09,12.56
01/13/2020,12.84,13.09,12.32,12.32
01/14/2020,12.72,13.82,12.05,12.39
01/15/2020,12.79,12.83,11.95,12.42
01/16/2020,12.2,12.42,11.78,12.32
01/17/2020,12.21,12.48,11.75,12.1
01/21/2020,13.23,13.33,12.32,12.85
01/22/2020,12.45,13.01,12.31,12.91
01/23/2020,13.26,14.15,12.94,12.98
01/24/2020,12.75,15.98,12.62,14.56
01/27/2020,17.42,19.02,16.82,18.23
01/28/2020,16.94,18.03,15.69,16.28
01/29/2020,15.68,16.65,14.94,16.39
01/30/2020,17.82,18.39,15.3,15.49
01/31/2020,16.25,19.99,16.18,18.84
02-03-2020,18.64,18.88,17.1,17.97
02-04-2020,16.45,16.46,15.63,16.05
02-05-2020,16.29,16.32,15.02,15.15
02-06-2020,15.13,15.66,14.7,14.96
02-07-2020,15.07,16.16,14.81,15.47
02-10-2020,15.88,16.43,15.01,15.04
02-11-2020,14.91,15.27,14.38,15.18
02-12-2020,14.86,14.88,13.73,13.74
02/13/2020,14.43,15.44,14,14.15
02/14/2020,14.12,14.54,13.38,13.68
02/18/2020,14.98,15.49,14.53,14.83
02/19/2020,14.66,14.74,14.21,14.38
02/20/2020,14.54,17.21,14.49,15.56
02/21/2020,17.33,18.21,16.19,17.08
02/24/2020,22.25,26.35,22,25.03
02/25/2020,22.19,30.25,22.19,27.85
02/26/2020,26.63,29.57,24.76,27.56
02/27/2020,28.95,39.31,27.79,39.16
02/28/2020,42.02,49.48,39.37,40.11
03-02-2020,34.86,43.77,31.5,33.42
03-03-2020,33.64,41.06,24.93,36.82
03-04-2020,34.44,35.58,30.3,31.99
03-05-2020,33.61,42.84,33.54,39.62
03-06-2020,41.46,54.39,40.84,41.94
03-09-2020,41.94,62.12,41.94,54.46
03-10-2020,49.68,55.66,43.56,47.3
03-11-2020,52.24,55.82,49.98,53.9
03-12-2020,61.46,76.83,59.91,75.47
03/13/2020,71.31,77.57,55.17,57.83
03/16/2020,57.83,83.56,57.83,82.69
03/17/2020,82.69,84.83,70.37,75.91
03/18/2020,69.37,85.47,69.37,76.45
03/19/2020,80.62,84.26,68.57,72
03/20/2020,67.86,69.51,57.42,66.04
03/23/2020,74.08,76.74,60.46,61.59
03/24/2020,58.76,61.88,36.24,61.67
03/25/2020,61.44,68.86,58.03,63.95
03/26/2020,65.67,67.06,57.66,61
03/27/2020,64.95,69.1,61.8,65.54
03/30/2020,66.3,67.69,56.6,57.08
03/31/2020,56.69,58.75,50.88,53.54
04-01-2020,57.38,60.59,52.76,57.06
04-02-2020,54.46,57.24,50.45,50.91
04-03-2020,51.11,52.29,46.74,46.8
04-06-2020,44.17,45.73,43.45,45.24
04-07-2020,44.83,47.51,43.51,46.7
04-08-2020,45.9,47.28,42.53,43.35
04-09-2020,43,45.73,41.39,41.67
04/13/2020,44.6,45.04,41.17,41.17
04/14/2020,40.24,40.57,37.31,37.76
04/15/2020,39.4,43.23,39.34,40.84
04/16/2020,41.92,43.02,39.87,40.11
04/17/2020,39.5,40.26,37.63,38.15
04/20/2020,40.68,43.83,39.88,43.83
04/21/2020,44.28,47.77,43.77,45.41
04/22/2020,44.91,45.07,41.41,41.98
04/23/2020,41.3,42.47,39.06,41.38
04/24/2020,41.91,42.08,35.6,35.93
04/27/2020,36.29,36.44,32.51,33.29
04/28/2020,33.21,35.39,30.54,33.57
04/29/2020,32.48,33.19,30.71,31.23
04/30/2020,30.99,35.94,30.93,34.15
05-01-2020,38.17,39.57,36.59,37.19
05-04-2020,39.13,40.32,35.53,35.97
05-05-2020,34.82,36.22,31.95,33.61
05-06-2020,32.69,35.69,31.68,34.12
05-07-2020,32.12,32.28,30.37,31.44
05-08-2020,30.14,30.39,27.89,27.98
05-11-2020,28.46,31.46,26.97,27.57
05-12-2020,28.47,33.04,26,33.04
05/13/2020,32.74,37.42,30.77,35.28
05/14/2020,35.16,39.28,32.33,32.61
05/15/2020,32.5,35.13,31.04,31.89
05/18/2020,30.71,31.08,28.35,29.3
05/19/2020,28.73,30.74,28.37,30.53
05/20/2020,29.52,29.83,27.83,27.99
05/21/2020,28.97,30.2,27.67,29.53
05/22/2020,31.36,31.55,28.03,28.16
05/26/2020,27.72,28.58,27.18,28.01
05/27/2020,27.62,30.53,25.92,27.62
05/28/2020,27.82,29.89,27.43,28.59
05/29/2020,29.3,30.16,27.29,27.51
06-01-2020,28.94,30.6,28.11,28.23
06-02-2020,28.4,28.52,26.66,26.84
06-03-2020,26.75,26.98,25.04,25.66
06-04-2020,26.23,26.43,24.38,25.81
06-05-2020,24.79,25.09,23.54,24.52
06-08-2020,25.56,25.98,24.65,25.81
06-09-2020,25.93,27.7,25.71,27.57
06-10-2020,26.73,29.01,26.06,27.57
06-11-2020,30.45,42.58,29.49,40.79
06-12-2020,37.68,44.16,34.97,36.09
06/15/2020,44.09,44.44,34.28,34.4
06/16/2020,34.28,37.45,31.73,33.67
06/17/2020,33.28,35.17,32.25,33.47
06/18/2020,33.83,36.25,32.24,32.94
06/19/2020,32.07,35.12,30.4,35.12
06/22/2020,35.22,35.39,31.64,31.77
06/23/2020,31.71,31.71,29.26,31.37
06/24/2020,31.05,37.12,30.95,33.84
06/25/2020,36.59,36.93,31.59,32.22
06/26/2020,33.01,36.25,31.04,34.73
06/29/2020,35.05,36.31,31.78,31.78
06/30/2020,32.54,32.94,29.56,30.43
07-01-2020,30.96,31.76,28.2,28.62
07-02-2020,28.33,28.44,25.9,27.68
07-06-2020,27.76,28.33,24.92,27.94
07-07-2020,28.77,29.63,27.25,29.43
07-08-2020,28.95,30.2,27.24,28.08
07-09-2020,28.18,31.48,26.11,29.26
07-10-2020,30.86,30.91,27.13,27.29
07/13/2020,27.85,32.45,26.87,32.19
07/14/2020,31.14,33.67,29.21,29.52
07/15/2020,29.15,30.09,27.17,27.76
07/16/2020,28.41,29.29,26.98,28
07/17/2020,27.15,27.54,25.41,25.68
07/20/2020,26.94,27.08,24.35,24.46
07/21/2020,24.08,25.65,23.61,24.84
07/22/2020,24.56,26.26,24.13,24.32
07/23/2020,23.97,26.95,23.6,26.08
07/24/2020,27.96,28.58,25.53,25.84
07/27/2020,26.6,26.94,24.55,24.74
07/28/2020,24.86,25.85,24.05,25.44
07/29/2020,25.16,25.42,23.73,24.1
07/30/2020,25.04,28.29,24.64,24.76
07/31/2020,24.79,26.41,23.55,24.46
08-03-2020,25.75,26.01,22.17,24.28
08-04-2020,24.01,24.76,22.92,23.76
08-05-2020,23.44,23.61,22.86,22.99
08-06-2020,23.03,24.11,20.97,22.65
08-07-2020,23.45,24.02,22.02,22.21
08-10-2020,22.88,23.52,21.46,22.13
08-11-2020,21.85,24.93,20.28,24.03
08-12-2020,22.82,22.88,21.54,22.28
08/13/2020,22.2,22.92,21.45,22.13
08/14/2020,22.27,23.55,21.79,22.05
08/17/2020,22.52,22.82,21.34,21.35
08/18/2020,21.69,22.55,21.18,21.51
08/19/2020,21.6,22.98,20.99,22.54
08/20/2020,24.1,24.6,22.37,22.72
08/21/2020,22.58,24.47,22.06,22.54
08/24/2020,22.87,23.18,21.25,22.37
08/25/2020,22.16,23.43,21.53,22.03
08/26/2020,22.14,23.27,20.92,23.27
08/27/2020,23.42,27.09,21.44,24.47
08/28/2020,24.59,26.3,22.64,22.96
08/31/2020,23.91,26.5,21.77,26.41
09-01-2020,25.86,26.59,25.02,26.12
09-02-2020,26.01,27.07,25.53,26.57
09-03-2020,26.28,35.94,25.66,33.6
09-04-2020,34.62,38.28,29.5,30.75
09-08-2020,30.61,35.93,30.52,31.46
09-09-2020,31.68,31.78,28.12,28.81
09-10-2020,28.67,30.56,27.59,29.71
09-11-2020,28.63,29.73,26.51,26.87
09/14/2020,25.86,26.79,25.38,25.85
09/15/2020,25.92,26,24.92,25.59
09/16/2020,25.31,26.59,24.84,26.04
09/17/2020,28.22,28.92,26.26,26.46
09/18/2020,26.65,28.1,25.28,25.83
09/21/2020,28.04,31.18,27.39,27.78
09/22/2020,28.61,28.78,26.48,26.86
09/23/2020,27.02,29.73,25.19,28.58
09/24/2020,29.54,30.49,27.94,28.51
09/25/2020,28.17,30.43,26.02,26.38
09/28/2020,27.15,27.19,24.9,26.19
09/29/2020,26.81,27.43,25.98,26.27
09/30/2020,26.69,27.12,25.06,26.37
10-01-2020,25.78,27.11,25.33,26.7
10-02-2020,28.87,29.9,26.93,27.63
10-05-2020,29.52,29.69,27.27,27.96
10-06-2020,28.05,30,26.01,29.48
10-07-2020,29.26,29.76,27.94,28.06
10-08-2020,27.65,27.99,24.88,26.36
10-09-2020,26.2,26.22,24.03,25
10-12-2020,25.65,25.65,24.14,25.07
10/13/2020,25.67,26.93,25.16,26.07
10/14/2020,25.72,27.23,25.53,26.4
10/15/2020,27.1,29.06,26.82,26.97
10/16/2020,27.16,27.46,26.19,27.41
10/19/2020,27.36,29.69,27.04,29.18
10/20/2020,28.81,29.6,28.29,29.35
10/21/2020,29.12,30.55,28.37,28.65
10/22/2020,30.1,30.12,27.68,28.11
10/23/2020,28.47,28.67,27.26,27.55
10/26/2020,29.38,33.68,29.22,32.46
10/27/2020,32.04,33.77,31.85,33.35
10/28/2020,34.69,40.77,34.68,40.28
10/29/2020,38.8,41.16,35.63,37.59
10/30/2020,40.81,41.09,36.5,38.02
11-02-2020,38.57,38.78,36.13,37.13
11-03-2020,36.44,36.44,34.19,35.55
11-04-2020,36.79,36.85,28.03,29.57
11-05-2020,27.56,28.14,26.04,27.58
11-06-2020,27.87,29.44,24.56,24.86
11-09-2020,24.8,25.82,22.41,25.75
11-10-2020,25.36,26.77,24.35,24.8
11-11-2020,25.01,25.12,22.57,23.45
11-12-2020,24.39,27.27,23.53,25.35
11/13/2020,24.94,25.03,22.74,23.1
11/16/2020,23.66,24.08,22.43,22.45
11/17/2020,22.84,24.09,22.34,22.71
11/18/2020,22.86,23.92,21.66,23.84
11/19/2020,23.62,24.52,22.56,23.11
11/20/2020,23.43,23.73,22.13,23.7
11/23/2020,23.66,23.96,22.45,22.66
11/24/2020,22.04,22.48,20.8,21.64
11/25/2020,21.65,22.5,21.13,21.25
11/27/2020,21.52,21.6,19.51,20.84
11/30/2020,22.64,22.89,20.48,20.57
12-01-2020,20.21,20.92,20,20.77
12-02-2020,21,21.25,20.04,21.17
12-03-2020,21.24,21.88,20.72,21.28
12-04-2020,21.05,21.15,19.97,20.79
12-07-2020,22.04,22.62,21.17,21.3
12-08-2020,21.65,22.25,20.52,20.68
12-09-2020,20.66,22.93,20.1,22.27
12-10-2020,22.12,23.46,21.53,22.52
12-11-2020,22.49,25.14,22.48,23.31
12/14/2020,22.67,24.82,21.95,24.72
12/15/2020,24,24.07,22.73,22.89
12/16/2020,22.51,23.67,22.29,22.5
12/17/2020,21.98,22.27,21.52,21.93
12/18/2020,22.15,23.77,21.57,21.57
12/21/2020,24.25,31.46,24.23,25.16
12/22/2020,25.24,25.56,23.53,24.23
12/23/2020,23.49,23.68,22.13,23.31
12/24/2020,22.47,22.83,21.39,21.53
12/28/2020,22.11,22.12,21.15,21.7
12/29/2020,21.61,23.72,20.99,23.08
12/30/2020,22.58,23.15,22.41,22.77
12/31/2020,22.99,23.25,21.24,22.75
01-04-2021,23.04,29.19,22.56,26.97
01-05-2021,26.94,28.6,24.8,25.34
01-06-2021,25.48,26.77,22.14,25.07
01-07-2021,23.67,23.91,22.25,22.37
01-08-2021,22.43,23.34,21.42,21.56
01-11-2021,23.31,24.81,23.23,24.08
01-12-2021,23.49,25.15,22.83,23.33
01/13/2021,23.07,24.18,21.92,22.21
01/14/2021,22.22,23.47,21.66,23.25
01/15/2021,23.52,25.8,23.08,24.34
01/19/2021,23.03,23.56,22.53,23.24
01/20/2021,22.82,22.86,21.37,21.58
01/21/2021,21.34,22.22,21.09,21.32
01/22/2021,22.24,23.73,21.27,21.91
01/25/2021,22.31,26.63,22.2,23.19
01/26/2021,23.91,23.94,22.55,23.02
01/27/2021,23.82,37.21,23.71,37.21
01/28/2021,33.25,36.29,27.39,30.21
01/29/2021,35.16,37.51,29.24,33.09
02-01-2021,31.45,33.96,29.03,30.24
02-02-2021,28.01,28.08,25.31,25.56
02-03-2021,24.59,25.43,22.91,22.91
02-04-2021,23.44,23.44,21.68,21.77
02-05-2021,21.99,22.16,20.86,20.87
02-08-2021,21.89,22.07,21.23,21.24
02-09-2021,21.57,22.26,20.65,21.63
02-10-2021,21.64,23.85,19.69,21.99
02-11-2021,22.09,23.25,21.11,21.25
02-12-2021,21.6,22.45,19.95,19.97
02/16/2021,21.13,22.46,20.88,21.46
02/17/2021,22.02,23.44,21.09,21.5
02/18/2021,21.98,24.23,21.8,22.49
02/19/2021,23.1,23.19,20.84,22.05
02/22/2021,24.46,25.09,21.96,23.45
02/23/2021,22.82,27.01,22.5,23.11
02/24/2021,23.76,25.04,21.31,21.34
02/25/2021,21.73,31.16,21.52,28.89
02/26/2021,28.73,30.82,25.23,27.95
03-01-2021,25.2,25.39,23.17,23.35
03-02-2021,23.58,24.6,22.8,24.1
03-03-2021,22.8,26.79,22.45,26.67
03-04-2021,26.52,31.9,24.93,28.57
03-05-2021,29.48,30.03,24.33,24.66
03-08-2021,27.61,28.39,24.07,25.47
03-09-2021,25.11,25.25,22.9,24.03
03-10-2021,23.76,23.87,22.38,22.56
03-11-2021,22.5,22.5,21.45,21.91
03-12-2021,22.57,22.99,20.63,20.69
03/15/2021,21.84,21.86,19.87,20.03
03/16/2021,20.14,20.31,19.33,19.79
03/17/2021,20.1,20.95,19.18,19.23
03/18/2021,18.95,22.6,18.95,21.58
03/19/2021,21.43,23.17,19.9,20.95
03/22/2021,21.91,22.29,18.87,18.88
03/23/2021,19.46,21.58,18.8,20.3
03/24/2021,20.64,21.49,19.3,21.2
03/25/2021,20.8,23.55,19.81,19.81
03/26/2021,19.32,21.49,18.68,18.86
03/29/2021,20.4,21.6,19.42,20.74
03/30/2021,20.76,21.75,19.47,19.61
03/31/2021,19.8,20.11,18.85,19.4
04-01-2021,18.6,18.64,17.29,17.33
04-05-2021,18.16,18.4,17.35,17.91
04-06-2021,18.07,18.3,17.37,18.12
04-07-2021,17.99,18.17,16.87,17.16
04-08-2021,16.92,17.36,16.55,16.95
04-09-2021,17.05,17.34,16.2,16.69
04-12-2021,17.43,17.91,16.81,16.91
04/13/2021,16.99,17.86,16.43,16.65
04/14/2021,16.71,17.69,15.38,16.99
04/15/2021,16.78,16.92,15.94,16.57
04/16/2021,16.65,16.88,16.05,16.25
04/19/2021,17.04,18.61,16.78,17.29
04/20/2021,17.36,19.7,17.24,18.68
04/21/2021,18.48,19.29,16.91,17.5
04/22/2021,17.28,19.9,16.99,18.71
04/23/2021,18.56,18.78,16.8,17.33
04/26/2021,17.94,18.17,16.87,17.64
04/27/2021,17.62,18.16,16.97,17.56
04/28/2021,17.47,17.84,16.67,17.28
04/29/2021,16.88,18.87,16.77,17.61
04/30/2021,17.67,19.25,17.64,18.61
05-03-2021,18.65,19.12,17.8,18.31
05-04-2021,18.16,21.85,18.11,19.48
05-05-2021,18.84,19.58,17.89,19.15
05-06-2021,18.41,20.6,18.21,18.39
05-07-2021,18.45,18.57,16.68,16.69
05-10-2021,17.34,19.75,17.07,19.66
05-11-2021,21.17,23.73,20.71,21.84
05-12-2021,22.42,28.38,21.66,27.59
05/13/2021,26.03,28.93,22.23,23.13
05/14/2021,21.77,22.1,18.66,18.81
05/17/2021,19.89,21.58,19.67,19.72
05/18/2021,18.89,21.45,18.81,21.34
05/19/2021,22.46,25.96,21.88,22.18
05/20/2021,22.33,23.5,20.19,20.67
05/21/2021,20.42,20.89,19.53,20.15
05/24/2021,20.5,20.51,18.38,18.4
05/25/2021,18.35,19.29,16.87,18.84
05/26/2021,18.37,18.92,17.35,17.36
05/27/2021,18.03,18.17,16.52,16.74
05/28/2021,16.8,16.86,15.9,16.76
06-01-2021,17.24,18.53,15.68,17.9
06-02-2021,17.86,18.31,16.74,17.48
06-03-2021,17.73,19.27,17.45,18.04
06-04-2021,18.09,18.42,16.18,16.42
06-07-2021,17.34,17.35,15.78,16.42
06-08-2021,16.58,17.75,15.15,17.07
06-09-2021,17.18,17.96,15.55,17.89
06-10-2021,18.18,18.29,16.01,16.1
06-11-2021,16.18,16.2,15.15,15.65
06/14/2021,16.04,17.04,15.04,16.39
06/15/2021,16.27,17.35,16.14,17.02
06/16/2021,16.99,19.11,16.42,18.15
06/17/2021,18.49,19.22,16.71,17.75
06/18/2021,16.96,21.04,16.92,20.7
06/21/2021,21.74,21.82,17.81,17.89
06/22/2021,17.91,18.32,15.76,16.66
06/23/2021,16.25,16.84,14.86,16.32
06/24/2021,15.99,16.05,14.19,15.97
06/25/2021,16.04,16.17,15.21,15.62
06/28/2021,16.07,16.46,15.39,15.76
06/29/2021,15.69,16.31,14.1,16.02
06/30/2021,16.18,17.31,15.58,15.83
07-01-2021,15.62,16.01,15.31,15.48
07-02-2021,15.53,15.54,14.25,15.07
07-06-2021,15.77,17.94,15.73,16.44
07-07-2021,16.43,17.64,16.08,16.2
07-08-2021,17.74,21.29,17.74,19
07-09-2021,17.88,18.13,16.08,16.18
07-12-2021,16.85,17.52,16.14,16.17
07/13/2021,16.39,17.23,15.94,17.12
07/14/2021,17.34,17.51,15.95,16.33
07/15/2021,16.7,18.09,16.56,17.01
07/16/2021,16.8,18.7,16.03,18.45
07/19/2021,19.61,25.09,19.27,22.5
07/20/2021,20.89,22.97,19.37,19.73
07/21/2021,19.73,19.82,17.81,17.91
07/22/2021,17.59,18.45,17.4,17.69
07/23/2021,16.98,17.48,16.33,17.2
07/26/2021,18.67,19.39,17.53,17.58
07/27/2021,18.62,20.44,18.25,19.36
07/28/2021,19.41,19.62,17.52,18.31
07/29/2021,17.91,18.01,17.19,17.7
07/30/2021,19.69,19.72,17.53,18.24
08-02-2021,18.16,19.87,17.99,19.46
08-03-2021,19.17,20.44,17.7,18.04
08-04-2021,18.23,18.9,17.67,17.97
08-05-2021,17.73,17.84,17.23,17.28
08-06-2021,17.46,17.5,16.14,16.15
08-09-2021,17.12,17.39,16.59,16.72
08-10-2021,16.82,17.05,16.34,16.79
08-11-2021,16.81,17.09,15.87,16.06
08-12-2021,16.33,16.42,15.49,15.59
08/13/2021,15.68,15.72,15.19,15.45
08/16/2021,17.05,17.71,16.02,16.12
08/17/2021,17.31,19.56,16.71,17.91
08/18/2021,17.56,21.64,17.31,21.57
08/19/2021,23.12,24.74,20.37,21.67
08/20/2021,22.74,23.9,18.18,18.56
08/23/2021,18.83,18.95,16.95,17.15
08/24/2021,16.96,17.51,16.94,17.22
08/25/2021,17.42,17.5,16.46,16.79
08/26/2021,17.46,19.27,17.16,18.84
08/27/2021,17.95,18.22,16.11,16.39
08/30/2021,16.77,16.8,15.98,16.19
08/31/2021,15.98,17.07,15.91,16.48
09-01-2021,16.06,16.71,15.68,16.11
09-02-2021,16.27,16.98,15.73,16.41
09-03-2021,16.27,17.06,16.08,16.41
09-07-2021,16.94,18.39,16.89,18.14
09-08-2021,18.97,19.64,17.78,17.96
09-09-2021,19.44,19.54,17.17,18.8
09-10-2021,17.94,21.13,16.99,20.95
09/13/2021,19.64,21.18,18.76,19.37
09/14/2021,19.58,20.47,18.39,19.46
09/15/2021,19.3,20.27,18.01,18.18
09/16/2021,18.41,19.76,17.65,18.69
09/17/2021,18.37,21.51,18.35,20.81
09/20/2021,24.25,28.79,23.9,25.71
09/21/2021,23.41,25.6,21.71,24.36
09/22/2021,22.72,23.4,20.75,20.87
09/23/2021,19.91,20.21,18.42,18.63
09/24/2021,19.33,20.41,17.63,17.75
09/27/2021,17.78,19.32,17.74,18.76
09/28/2021,19.74,24.82,19.71,23.25
09/29/2021,22.07,23.79,21.45,22.56
09/30/2021,21.48,24.71,20.6,23.14
10-01-2021,24.78,24.89,20.64,21.15
10-04-2021,22.9,24.58,21.88,22.96
10-05-2021,22.92,23.17,20.62,21.3
10-06-2021,22.95,24.4,20.99,21
10-07-2021,20.54,20.76,19.07,19.54
10-08-2021,19.46,19.94,18.2,18.77
10-11-2021,19.93,20.45,18.11,20
10-12-2021,20.62,20.81,18.97,19.85
10/13/2021,20.14,20.23,18.44,18.64
10/14/2021,18.01,18.08,16.8,16.86
10/15/2021,16.64,16.85,15.72,16.3
10/18/2021,17.29,17.93,16.27,16.31
10/19/2021,16.09,16.31,15.57,15.7
10/20/2021,15.82,15.89,15.29,15.49
10/21/2021,16.06,16.11,14.92,15.01
10/22/2021,15.35,16.39,14.84,15.43
10/25/2021,16.14,16.33,15.1,15.24
10/26/2021,15.02,16.71,14.9,15.98
10/27/2021,15.79,17.29,15.54,16.98
10/28/2021,17.06,17.16,16.23,16.53
10/29/2021,17.4,18.06,16.13,16.26
11-01-2021,16.85,17.7,16.32,16.41
11-02-2021,16.54,16.65,15.89,16.03
11-03-2021,16.11,16.39,14.9,15.1
11-04-2021,15.06,16.14,14.73,15.44
11-05-2021,15.59,17.02,14.95,16.48
11-08-2021,17.23,17.69,16.44,17.22
11-09-2021,17.43,18.57,17.21,17.78
11-10-2021,17.74,19.9,17.22,18.73
11-11-2021,18.34,18.39,17.27,17.66
11-12-2021,17.49,17.69,16.15,16.29
11/15/2021,17.03,17.46,16.49,16.49
11/16/2021,16.86,17.08,16.03,16.37
11/17/2021,16.36,17.19,16.28,17.11
11/18/2021,16.81,18.15,16.38,17.59
11/19/2021,17.36,19.01,17.23,17.91
11/22/2021,18.2,19.59,17.35,19.17
11/23/2021,20.24,20.91,19.03,19.38
11/24/2021,19.17,20.96,18.52,18.58
11/26/2021,26.62,28.99,23.88,28.62
11/29/2021,25.31,25.69,21.71,22.96
11/30/2021,26.23,28.56,23.71,27.19
12-01-2021,24.92,32.61,22.38,31.12
12-02-2021,29.44,30.68,27.15,27.95
12-03-2021,26.95,35.32,25.89,30.67
12-06-2021,28.99,30.82,26.75,27.18
12-07-2021,24.58,24.69,21.58,21.89
12-08-2021,21.74,23.11,19.85,19.9
12-09-2021,20.31,22.12,19.94,21.58
12-10-2021,21.27,21.3,18.69,18.69
12/13/2021,19.29,21.18,18.96,20.31
12/14/2021,19.67,23,19.67,21.89
12/15/2021,21.6,23.47,19.02,19.29
12/16/2021,18.56,22.13,18.19,20.57
12/17/2021,20.7,23.26,20.49,21.57
12/20/2021,25.89,27.39,22.85,22.87
12/21/2021,22.28,22.68,20.9,21.01
12/22/2021,21.04,21.36,18.59,18.63
12/23/2021,18.81,18.93,17.62,17.96
12/27/2021,19.37,19.41,17.55,17.68
12/28/2021,17.78,18.47,17.51,17.54
12/29/2021,17.63,18,16.71,16.95
12/30/2021,17.3,17.79,16.62,17.33
12/31/2021,17.63,18.27,16.99,17.22
01-03-2022,17.6,18.54,16.56,16.6
01-04-2022,16.57,17.81,16.34,16.91
01-05-2022,17.07,20.17,16.58,19.73
01-06-2022,20.29,21.06,19.08,19.61
01-07-2022,19.85,20.8,18.57,18.76
01-10-2022,19.58,23.33,19.29,19.4
01-11-2022,19.62,21,18.2,18.41
01-12-2022,18.17,18.69,17.36,17.62
01/13/2022,18.06,20.61,17.45,20.31
01/14/2022,20.11,22.07,19.05,19.19
01/18/2022,21.18,23.2,21.18,22.79
01/19/2022,23.12,23.99,21.85,23.85
01/20/2022,23.46,25.89,21.68,25.59
01/21/2022,25.38,29.79,25.31,28.85
01/24/2022,28.2,38.94,28.02,29.9
01/25/2022,32.29,35.85,29.13,31.16
01/26/2022,29.35,33.04,26.9,31.96
01/27/2022,32.19,33,28.42,30.49
01/28/2022,30.27,32.82,27.28,27.66
01/31/2022,28.36,29.41,24.71,24.83
02-01-2022,24.57,25.33,21.96,21.96
02-02-2022,21.56,22.73,20.46,22.09
02-03-2022,22.63,25.81,22.3,24.35
02-04-2022,23.77,26.26,22.07,23.22
02-07-2022,24.09,24.82,22.02,22.86
02-08-2022,23.09,23.48,21.32,21.44
02-09-2022,21.27,21.3,19.93,19.96
02-10-2022,20.37,24.77,20.18,23.91
02-11-2022,24.39,30.99,23.33,27.36
02/14/2022,29.17,32.04,28.33,28.33
02/15/2022,28.09,28.09,25.33,25.7
02/16/2022,25.19,27.09,23.88,24.29
02/17/2022,24.83,28.37,24.76,28.11
02/18/2022,26.66,29.71,26.38,27.75
02/22/2022,31.8,32.04,28.4,28.81
02/23/2022,28.04,31.07,27.2,31.02
02/24/2022,37.5,37.79,29.45,30.32
02/25/2022,31.68,32,26.93,27.59
02/28/2022,32.44,33.51,28.43,30.15
03-01-2022,29.45,35.19,29.44,33.32
03-02-2022,34.2,34.41,30.12,30.74
03-03-2022,30.52,32.01,29.31,30.48
03-04-2022,31.9,34.65,31.47,31.98
03-07-2022,35.88,36.55,32.59,36.45
03-08-2022,36.19,37.52,32.78,35.13
03-09-2022,33.74,34.12,31.39,32.45
03-10-2022,33.03,34.03,30.23,30.23
03-11-2022,30.43,31.04,28.84,30.75
03/14/2022,31.03,33.18,30.06,31.77
03/15/2022,33.13,33.83,29.57,29.83
03/16/2022,29.02,29.8,26.29,26.67
03/17/2022,26.51,27.47,25.25,25.67
03/18/2022,26.36,26.82,23.85,23.87
03/21/2022,25.14,25.36,22.99,23.53
03/22/2022,24.02,24.02,22.7,22.94
03/23/2022,23.04,24.03,22.64,23.57
03/24/2022,23.61,23.79,21.49,21.67
03/25/2022,21.87,22.86,20.8,20.81
03/28/2022,22.14,23.33,19.54,19.63
03/29/2022,19.7,19.73,18.67,18.9
03/30/2022,19.38,20.51,18.72,19.33
03/31/2022,19.68,21.48,19.54,20.56
04-01-2022,20.62,20.86,19.41,19.63
04-04-2022,20.75,20.78,18.45,18.57
04-05-2022,18.79,21.57,18.55,21.03
04-06-2022,21.27,24.78,21.24,22.1
04-07-2022,21.97,23.82,21.12,21.55
04-08-2022,21.25,22.34,20.28,21.16
04-11-2022,23.09,24.42,22.09,24.37
04-12-2022,24.94,25.38,22.27,24.26
04/13/2022,23.52,24.45,21.37,21.82
04/14/2022,21.72,22.7,20.85,22.7
04/18/2022,24.52,24.6,21.98,22.17
04/19/2022,22.55,22.92,20.36,21.37
04/20/2022,21.13,21.32,19.75,20.32
04/21/2022,20.24,23.28,19.81,22.68
04/22/2022,22.71,28.27,22.62,28.21
04/25/2022,30.04,31.6,26.8,27.02
04/26/2022,27.38,33.81,27.06,33.52
04/27/2022,31.11,32.77,29.82,31.6
04/28/2022,29.91,32,28,29.99
04/29/2022,28.97,34.34,28.54,33.4
05-02-2022,33.35,36.64,31.74,32.34
05-03-2022,31.76,32.82,29.06,29.25
05-04-2022,29.12,29.42,24.94,25.42
05-05-2022,25.97,33.2,25.78,31.2
05-06-2022,32.23,35.34,29.83,30.19
05-09-2022,31.9,35.48,31.9,34.75
05-10-2022,33.66,34.84,32.24,32.99
05-11-2022,32.87,34.39,30.69,32.56
05-12-2022,33.74,34.76,31.7,31.77
05/13/2022,31.09,31.2,28.78,28.87
05/16/2022,30.01,30.23,27.36,27.47
05/17/2022,27.07,27.17,25.51,26.1
05/18/2022,26.74,31.49,26.21,30.96
05/19/2022,31.24,33.11,29.06,29.35
05/20/2022,28.78,32.91,28.06,29.43
05/23/2022,28.98,30.39,28.29,28.48
05/24/2022,29.43,31.07,29.04,29.45
05/25/2022,29.33,30.23,28.16,28.37
05/26/2022,28.42,28.46,27.11,27.5
05/27/2022,27.5,27.54,25.57,25.72
05/30/2022,26.16,26.81,26.08,26.54
05/31/2022,27.47,28.35,25.94,26.19
06-01-2022,26.05,27.73,25.38,25.69
06-02-2022,25.73,26.5,24.33,24.72
06-03-2022,24.91,25.96,24.76,24.79
06-06-2022,25.37,25.81,24.82,25.07
06-07-2022,25.54,26.24,23.88,24.02
06-08-2022,24.37,24.78,23.74,23.96
06-09-2022,24.29,26.24,23.82,26.09
06-10-2022,26.26,29.63,26.05,27.75
06/13/2022,31.37,35.05,31.29,34.02
06/14/2022,33.01,34,32.06,32.69
06/15/2022,32.39,32.77,27.76,29.62
06/16/2022,30.35,34.82,30.35,32.95
06/17/2022,32.84,33.31,30.47,31.13
06/20/2022,32.06,32.16,30.98,31.03
06/21/2022,30.63,30.65,29.33,30.19
06/22/2022,31.45,31.57,28.78,28.95
06/23/2022,29.29,29.77,28.74,29.05
06/24/2022,29.07,29.72,26.83,27.23
06/27/2022,28.3,28.66,26.93,26.95
06/28/2022,26.9,28.68,26.47,28.36
06/29/2022,28.8,29.36,27.85,28.16
06/30/2022,29.42,30.22,28.28,28.71
07-01-2022,29.53,29.59,26.69,26.7
07-04-2022,27.96,28.1,27.46,27.53
07-05-2022,27.37,29.82,27.3,27.54
07-06-2022,27.84,28.07,26.43,26.73
07-07-2022,26.73,26.79,25.66,26.08
07-08-2022,26.41,26.61,24.43,24.64
07-11-2022,26.42,26.74,25.79,26.17
07-12-2022,27.14,27.75,25.82,27.29
07/13/2022,27.35,29.06,26.23,26.82
07/14/2022,27.47,28.45,26.2,26.4
07/15/2022,26.72,26.72,24.13,24.23
07/18/2022,24.83,25.91,24.38,25.3
07/19/2022,25.12,25.41,24.23,24.5
07/20/2022,24.23,24.73,23.4,23.88
07/21/2022,24.07,24.67,22.92,23.11
07/22/2022,23.3,23.81,22.41,23.03
07/25/2022,24.33,24.57,23.19,23.36
07/26/2022,23.95,25.31,23.82,24.69
07/27/2022,24.27,24.41,23.02,23.24
07/28/2022,23.33,23.54,22.22,22.33
07/29/2022,22.13,22.16,21.21,21.33
08-01-2022,22.41,23.27,22.26,22.84
08-02-2022,24.08,24.68,22.67,23.93
08-03-2022,23.86,23.92,21.68,21.95
08-04-2022,22.06,22.66,21.44,21.44
08-05-2022,21.5,22.58,20.76,21.15
08-08-2022,21.74,22.01,20.83,21.29
08-09-2022,21.41,22.23,21.41,21.77
08-10-2022,22.28,22.34,19.54,19.74
08-11-2022,19.84,20.85,19.71,20.2
08-12-2022,20.34,20.35,19.12,19.53
08/15/2022,20.74,21.16,19.81,19.95
08/16/2022,20.23,20.39,19.5,19.69
08/17/2022,19.74,20.63,19.41,19.9
08/18/2022,20.51,20.61,19.43,19.56
08/19/2022,20.16,21.27,20.08,20.6
08/22/2022,22.41,24.62,22.39,23.8
08/23/2022,24.13,24.21,23.07,24.11
08/24/2022,24.37,24.86,22.73,22.82
08/25/2022,22.41,23.13,21.77,21.78
08/26/2022,22.07,25.9,21.67,25.56
08/29/2022,26.86,27.67,25.47,26.21
08/30/2022,25.75,27.69,25.13,26.21
08/31/2022,25.86,26.62,25.31,25.87
09-01-2022,26.88,27.45,25.25,25.56
09-02-2022,25.51,26.28,23.19,25.47
09-05-2022,26.51,26.85,25.84,25.99
09-06-2022,25.46,27.8,25.33,26.91
09-07-2022,26.93,27.15,24.54,24.64
09-08-2022,24.7,25.9,23.56,23.61
09-09-2022,23.49,23.57,22.64,22.79
09-12-2022,23.58,24.23,23.16,23.87
09/13/2022,23.67,28.15,23.53,27.27
09/14/2022,26.73,27.56,26.16,26.16
09/15/2022,26.1,26.93,25.42,26.27
09/16/2022,27.47,28.45,26.14,26.3
09/19/2022,27.69,27.95,25.56,25.76
09/20/2022,25.65,27.81,25.61,27.16
09/21/2022,28.03,30.18,25.55,27.99
09/22/2022,28.16,28.38,26.71,27.35
09/23/2022,27.68,32.31,27.58,29.92
09/26/2022,31.74,32.88,29.83,32.26
09/27/2022,31.2,34.14,30.3,32.6
09/28/2022,34.5,34.88,30.03,30.18
09/29/2022,31.67,33.46,31.16,31.84
09/30/2022,31.61,33.25,29.39,31.62
10-03-2022,33,33.06,29.63,30.1
10-04-2022,29.52,29.62,28.56,29.07
10-05-2022,29.36,30.11,28.5,28.55
10-06-2022,28.6,30.74,28.56,30.52
10-07-2022,30.37,32.02,29.88,31.36
10-10-2022,32.93,33.99,32.05,32.45
10-11-2022,33.56,34.43,32.45,33.63
10-12-2022,33.54,34.53,33.11,33.57
10/13/2022,33.6,33.87,31.63,31.94
10/14/2022,31.89,32.98,31.14,32.02
10/17/2022,32.27,32.59,30.7,31.37
10/18/2022,31.1,31.93,30.42,30.5
10/19/2022,30.94,31.9,30.76,30.76
10/20/2022,31.3,31.32,29.76,29.98
10/21/2022,30.21,30.44,29.24,29.69
10/24/2022,30.65,30.95,29.78,29.85
10/25/2022,29.8,30,28.22,28.46
10/26/2022,28.44,28.52,27.27,27.28
10/27/2022,27.51,27.67,26.94,27.39
10/28/2022,27.43,27.59,25.75,25.75
10/31/2022,26.91,27.07,25.84,25.88
11-01-2022,25.96,26.35,25.66,25.81
11-02-2022,26.04,26.62,25.39,25.86
11-03-2022,25.98,26.87,25.1,25.3
11-04-2022,25.63,25.71,24,24.55
11-07-2022,25.67,25.67,24.34,24.35
11-08-2022,24.71,26.16,24.24,25.54
11-09-2022,25.34,26.35,25.02,26.09
11-10-2022,26.51,26.59,22.84,23.53
11-11-2022,23.89,23.91,22.37,22.52
11/14/2022,23.99,24.33,22.86,23.73
11/15/2022,23.77,26.22,23.18,24.54
11/16/2022,24.29,24.72,23.99,24.11
11/17/2022,24.05,25.18,23.81,23.93
11/18/2022,24.03,24.12,22.98,23.12
11/21/2022,24.05,24.12,22.3,22.36
11/22/2022,22.59,22.71,21.28,21.29
11/23/2022,21.49,21.78,20.32,20.35
11/24/2022,20.5,20.54,20.31,20.42
11/25/2022,20.61,21.11,20.46,20.5
11/28/2022,22.09,22.5,21.65,22.21
11/29/2022,22.09,22.57,21.83,21.89
11/30/2022,21.7,22.63,20.31,20.58
12-01-2022,20.83,21.06,19.8,19.84
12-02-2022,20.42,20.96,18.95,19.06
12-05-2022,20.3,21.29,19.78,20.75
12-06-2022,20.69,22.6,20.38,22.17
12-07-2022,22.32,23.01,22.18,22.68
12-08-2022,22.81,23.28,22.06,22.29
12-09-2022,22.55,23.21,22.18,22.83
12-12-2022,24.4,25.05,24.18,25
12/13/2022,25.24,25.84,21.46,22.55
12/14/2022,22.83,23.47,21.07,21.14
12/15/2022,21.52,23.67,21.25,22.83
12/16/2022,23.26,23.83,22.09,22.62
12/19/2022,22.63,22.86,21.61,22.42
12/20/2022,23.17,23.39,21.35,21.48
12/21/2022,21.25,21.29,19.94,20.07
12/22/2022,20.08,24.3,20.01,21.97
12/23/2022,22.17,22.64,20.78,20.87
12/27/2022,21.67,22.8,21.59,21.65
12/28/2022,21.47,22.26,20.96,22.14
12/29/2022,22.25,22.31,21.36,21.44
12/30/2022,21.83,22.4,21.59,21.67
01-03-2023,23.09,23.76,22.73,22.9
01-04-2023,22.93,23.27,21.94,22.01
01-05-2023,22.2,22.92,21.97,22.46
01-06-2023,22.69,22.9,21,21.13
01-09-2023,21.75,21.98,21.27,21.97
01-10-2023,22.22,22.46,20.58,20.58
01-11-2023,20.8,21.25,20.62,21.09
01-12-2023,21.56,21.8,18.83,18.83
01/13/2023,19,19.41,18.01,18.35
01/16/2023,19.44,19.63,19.41,19.49
01/17/2023,19.89,20.22,19.21,19.36
01/18/2023,19.28,20.58,18.71,20.34
01/19/2023,20.43,21.71,20.17,20.52
01/20/2023,20.28,20.7,19.41,19.85
01/23/2023,20.21,20.33,19.55,19.81
01/24/2023,19.89,20.47,18.91,19.2
01/25/2023,19.56,20.9,18.99,19.08
01/26/2023,19.05,19.48,18.67,18.73
01/27/2023,18.9,19,17.97,18.51
01/30/2023,19.76,20.25,19.54,19.94
01/31/2023,20.12,20.7,19.13,19.4
02-01-2023,19.62,20.04,17.7,17.87
02-02-2023,17.74,19.25,17.06,18.73
02-03-2023,18.57,19.3,17.93,18.33
02-06-2023,19.23,19.81,19.21,19.43
02-07-2023,19.54,19.99,18.43,18.66
02-08-2023,18.88,20.12,18.55,19.63
02-09-2023,19.24,21.08,19.02,20.71
02-10-2023,20.74,21.94,20.44,20.53
02/13/2023,21.66,21.69,20.33,20.34
02/14/2023,20.72,20.75,18.48,18.91
02/15/2023,19.37,19.41,18.11,18.23
02/16/2023,18.26,20.27,18.23,20.17
02/17/2023,20.94,21.3,19.82,20.02
02/20/2023,21.06,21.28,20.96,21.23
02/21/2023,21.8,23.34,21.8,22.87
02/22/2023,23.03,23.63,22.02,22.29
02/23/2023,21.96,22.43,20.89,21.14
02/24/2023,21.35,22.9,21.32,21.67
02/27/2023,21.99,22.02,20.68,20.95
02/28/2023,21.3,21.37,20.1,20.7
03-01-2023,20.39,21.32,20.22,20.58
03-02-2023,21.41,21.42,19.55,19.59
03-03-2023,19.76,19.76,18.16,18.49
03-06-2023,19.05,19.19,18.49,18.61
03-07-2023,18.64,19.74,18.51,19.59
03-08-2023,19.71,20.01,19,19.11
03-09-2023,19.33,23.14,18.88,22.61
03-10-2023,23.34,28.97,21.79,24.8
03/13/2023,24.05,30.81,23.85,26.52
03/14/2023,26.85,27.24,22.27,23.73
03/15/2023,23.21,29.91,23.19,26.14
03/16/2023,26.19,27.49,22.97,22.99
03/17/2023,22.92,26.14,22.58,25.51
03/20/2023,27.77,28.91,24,24.15
03/21/2023,24.16,24.16,21.29,21.38
03/22/2023,21.8,22.38,19.94,22.26
03/23/2023,21.54,24.91,20.16,22.61
03/24/2023,22.11,25.21,21.6,21.74
03/27/2023,22.05,22.93,20.57,20.6
03/28/2023,20.53,21.4,19.91,19.97
03/29/2023,19.39,19.45,19.09,19.12
03/30/2023,19.12,20.08,18.85,19.02
03/31/2023,19.21,19.43,18.52,18.7
04-03-2023,19.79,19.83,18.54,18.55
04-04-2023,18.79,20.03,18.58,19
04-05-2023,19.42,20.08,19,19.08
04-06-2023,19.3,19.88,18.35,18.4
04-10-2023,19.39,20.05,18.93,18.97
04-11-2023,19.08,19.28,18.56,19.1
04-12-2023,19.38,19.98,18.25,19.09
04/13/2023,18.83,19.06,17.77,17.8
04/14/2023,17.94,18.12,17.07,17.07
04/17/2023,17.58,17.79,16.9,16.95
04/18/2023,16.94,17.34,16.58,16.83
04/19/2023,17.3,17.72,16.17,16.46
04/20/2023,16.85,17.69,16.33,17.17
04/21/2023,17.51,17.71,16.58,16.77
04/24/2023,18.22,18.24,16.74,16.89
04/25/2023,17.62,19.86,17.33,18.76
04/26/2023,18.66,19.61,17.87,18.84
04/27/2023,18.43,18.43,16.72,17.03
04/28/2023,17.21,17.65,15.72,15.78
05-01-2023,16.41,16.62,15.53,16.08
05-02-2023,16.27,19.81,16.26,17.78
05-03-2023,17.82,18.83,17.19,18.34
05-04-2023,19.17,21.33,18.67,20.09
05-05-2023,19.5,19.63,16.69,17.19
05-08-2023,17.73,17.88,16.83,16.98
05-09-2023,17.29,17.86,17.22,17.71
05-10-2023,17.58,18.31,16.36,16.94
05-11-2023,16.8,18.19,16.63,16.93
05-12-2023,16.83,17.92,16.38,17.03
05/15/2023,17.44,18.16,17.08,17.12
05/16/2023,17.54,18.3,17.26,17.99
05/17/2023,17.96,18.26,16.68,16.87
05/18/2023,16.92,17.15,16.05,16.05
05/19/2023,16.13,17.36,15.85,16.81
05/22/2023,17.45,18.13,16.82,17.21
05/23/2023,17.35,19.31,17.3,18.53
05/24/2023,18.8,20.81,18.8,20.03
05/25/2023,19.54,19.95,18.7,19.14
05/26/2023,19.07,19.56,17.27,17.95
05/29/2023,17.53,17.6,17.34,17.46
05/30/2023,17.56,18.34,16.98,17.46
05/31/2023,18.04,18.4,17.12,17.94
06-01-2023,17.24,17.59,15.58,15.65
06-02-2023,15.65,15.65,14.42,14.6
06-05-2023,15.28,15.29,14.66,14.73
06-06-2023,14.91,14.97,13.95,13.96
06-07-2023,14.14,14.29,13.77,13.94
06-08-2023,14.14,14.21,13.53,13.65
06-09-2023,13.78,14.14,13.5,13.83
06-12-2023,14.44,15.02,14.32,15.01
06/13/2023,14.99,15.06,14.47,14.61
06/14/2023,14.48,14.73,13.83,13.88
06/15/2023,14.09,14.52,13.79,14.5
06/16/2023,14.49,14.54,13.48,13.54
06/19/2023,14.09,14.19,14.01,14.19
06/20/2023,14.36,14.67,13.86,13.88
06/21/2023,13.88,13.89,13.1,13.2
06/22/2023,13.88,13.98,12.73,12.91
06/23/2023,13.24,13.8,12.88,13.44
06/26/2023,14.43,14.71,13.78,14.25
06/27/2023,14.11,14.34,13.59,13.74
06/28/2023,13.9,13.96,13.36,13.43
06/29/2023,13.64,13.85,13.41,13.54
06/30/2023,13.51,13.59,12.96,13.59
07-03-2023,13.85,13.85,13.47,13.57
07-04-2023,13.54,13.71,13.52,13.7
07-05-2023,14.19,14.74,14.05,14.18
07-06-2023,14.85,17.08,14.79,15.44
07-07-2023,15.97,16.06,14.33,14.83
07-10-2023,16.08,16.21,15.04,15.07
07-11-2023,15.02,15.25,14.63,14.84
07-12-2023,14.82,14.82,13.51,13.54
07/13/2023,13.44,13.61,13.12,13.61
07/14/2023,13.72,13.76,13.22,13.34
07/17/2023,13.78,14,13.43,13.48
07/18/2023,13.61,13.67,13.29,13.3
07/19/2023,13.32,13.84,13.12,13.76
07/20/2023,13.96,14.23,13.58,13.99
07/21/2023,13.87,13.89,13.37,13.6
07/24/2023,14.29,14.3,13.73,13.91
07/25/2023,14.02,14.09,13.82,13.86
07/26/2023,13.86,14.16,13.15,13.19
07/27/2023,13.14,15.02,12.74,14.41
07/28/2023,14.03,14.18,13.27,13.33
07/31/2023,13.98,14.09,13.57,13.63
08-01-2023,13.75,14.3,13.75,13.93
08-02-2023,15.7,16.48,14.95,16.09
08-03-2023,16.77,17.42,15.72,15.92
08-04-2023,16.01,17.39,14.57,17.1
08-07-2023,16.9,17.36,15.77,15.77
08-08-2023,16.28,18.14,15.96,15.99
08-09-2023,15.81,16.87,15.38,15.96
08-10-2023,15.58,16.86,14.6,15.85
08-11-2023,15.53,16.51,14.84,14.84
08/14/2023,15.88,16.06,14.77,14.82
08/15/2023,14.95,16.57,14.91,16.46
08/16/2023,16.54,16.93,15.8,16.78
08/17/2023,16.96,18.13,16.4,17.89
08/18/2023,17.8,18.88,17.14,17.3
08/21/2023,18.03,18.11,16.88,17.13
08/22/2023,16.96,17.58,16.61,16.97
08/23/2023,16.64,17.1,15.91,15.98
08/24/2023,15.57,17.32,15.48,17.2
08/25/2023,17.21,17.36,15.45,15.68
08/28/2023,16.24,16.28,15,15.08
08/29/2023,15.08,15.3,14.34,14.45
08/30/2023,14.53,14.7,13.83,13.88
08/31/2023,13.98,14,13.44,13.57
09-01-2023,13.56,13.56,13.02,13.09
09-04-2023,13.62,13.82,13.51,13.82
09-05-2023,14.15,14.47,13.7,14.01
09-06-2023,14.27,15.3,14.13,14.45
09-07-2023,14.81,15.69,14.4,14.4
09-08-2023,14.22,14.87,13.58,13.84
09-11-2023,14.17,14.33,13.74,13.8
09-12-2023,14.02,14.42,13.71,14.23
09/13/2023,14.42,14.68,13.41,13.48
09/14/2023,13.39,13.46,12.79,12.82
09/15/2023,12.7,14.17,12.68,13.79
09/18/2023,14.4,14.75,13.86,14
